Brand,Model
INFINITY,ECO PIONEER
INFINITY,INF-030
INFINITY,ECOZEN
INFINITY,INF-049
INFINITY,ECOFOUR
INFINITY,INF-100
INFINITY,LMC9
INFINITY,ECOSIS
INFINITY,INF-040
INFINITY,ECOSNOW
INFINITY,ECOVANTAGE
INFINITY,INF-059
INFINITY,ECOMAX
INFINITY,GL699
INFINITY,LMC5
INFINITY,INF-05
INFINITY,ECOTREK
INFINITY,INF-200
INFINITY,ENVIRO
INFINITY,ENVIRO H/T
INFINITY,INF-050
INFINITY,ECOGRIP
TORQUE,TQ021
TORQUE,TQ-05
TORQUE,TQ-02
TORQUE,TQ901
TORQUE,TQ-08
TORQUE,TQ-09
TORQUE,TQ-HP701
TORQUE,TQ-HT701
TORQUE,TQ-AT701
TORQUE,TQ9900
RIKEN,ALLSTAR R01
RIKEN,ROAD ARROW 80
RIKEN,ROAD ARROW AP
RIKEN,SNOWTIME
RIKEN,SUPER SYMEX
RIKEN,SYMEX MR-2
RIKEN,ROAD PERFORMANCE
RIKEN,SYMEX MR-3
RIKEN,MAYSTORM
RIKEN,SYMEX MR-5
RIKEN,MAYSTORM2
RIKEN,ULTRA HIGH PERFORMANCE
RIKEN,RAIDER A/T
RIKEN,SUV SNOW
RIKEN,CARGO
GENERAL,GRABBER AT3
GENERAL,GRABBER GT PLUS
GENERAL,XP 2000 WINTER
GENERAL,GRABBER GT
GENERAL,GRABBER TR
GENERAL,SNOW GRABBER PLUS
GENERAL,GRABBER X3
GENERAL,GRABBER A/S 365
GENERAL,GRABBER HP
GENERAL,GRABBER HTS60
GENERAL,SNOW GRABBER
GENERAL,GRABBER UHP
GENERAL,GRABBER AT2
GENERAL,SUPER ALL GRIP
FULLRUN,FRUN-ONE
FULLRUN,FRUN-PCR
FULLRUN,FRUN-FIVE
FULLRUN,SNOWTRAK
FULLRUN,FRUN-TWO
FULLRUN,FRUN-HP
FULLRUN,FRUN-VAN
FULLRUN,HP199
FULLRUN,F2000
FULLRUN,FRUN-SNOW
FULLRUN,FRUN-UHP
FULLRUN,FRUN-FOUR
FULLRUN,FRUN-HT
FULLRUN,FRUN-SIX
FULLRUN,FRUN-AT
FULLRUN,HS299
SAILWIN,MUDHORSE M/T
SAILWIN,POLARIS 16
SAILWIN,RACINGMAX 28
SAILWIN,FRIEMATCH A/S
SAILWIN,ICEWINNER 868
SAILWIN,ICEWINNER 96
SAILWIN,FREIMATCH A/S
SAILWIN,VANTOUR 09
SAILWIN,ANTARES 68
SAILWIN,FREIMILE A/S
SAILWIN,ICEWINNER 989
SAILWIN,LONGRACE 36
SAILWIN,SPORTWAY 56
SAILWIN,VENUSATR 08
SAILWIN,ROADKING H/T
SAILWIN,SAILKING H/T 79
AUSTONE,SP902
AUSTONE,SP-801 ATHENA
AUSTONE,SP901
AUSTONE,CSR40
AUSTONE,ASR71
AUSTONE,SP-6 ATHENA
AUSTONE,SP401
AUSTONE,SP-7 ATHENA
AUSTONE,SP-01 ATHENA
AUSTONE,SP-9 ATHENA
AUSTONE,SP302
AUSTONE,SP701
AUSTONE,SP301
AUSTONE,CSR-45
AUSTONE,CSR71
AUSTONE,SP-303
AUSTONE,SP306
UNIROYAL,UST 17
UNIROYAL,RAINEXPERT 3
UNIROYAL,ALLSEASONEXPERT 2
UNIROYAL,RAINEXPERT 5
UNIROYAL,RAINEXPERT
UNIROYAL,RALLYE 380
UNIROYAL,RAINSPORT 3
UNIROYAL,RAINSPORT 5
UNIROYAL,WINTEREXPERT
UNIROYAL,RAIN MAX
UNIROYAL,RALLYE 4X4 STREET
UNIROYAL,MS PLUS 77
UNIROYAL,RAINSPORT 2
UNIROYAL,RAIN MAX 2
UNIROYAL,RAINMAX 3
UNIROYAL,RAIN MAX 5
UNIROYAL,ALLSEASONMAX
YOKOHAMA,Y870
YOKOHAMA,ES32
YOKOHAMA,Y350
YOKOHAMA,A053
YOKOHAMA,V903
YOKOHAMA,AE51
YOKOHAMA,AE01
YOKOHAMA,A048
YOKOHAMA,SIDECAR
YOKOHAMA,SLICK:C/P
YOKOHAMA,A005
YOKOHAMA,AE50
YOKOHAMA,A539
YOKOHAMA,A035
YOKOHAMA,AE01B
YOKOHAMA,A34LZ
YOKOHAMA,A008
YOKOHAMA,A032R
YOKOHAMA,AS01
YOKOHAMA,A050
YOKOHAMA,A349G
YOKOHAMA,AW21
YOKOHAMA,AE01J
YOKOHAMA,A008S
YOKOHAMA,RY818
YOKOHAMA,G015
YOKOHAMA,V906
YOKOHAMA,A052
YOKOHAMA,AD08RS
YOKOHAMA,V701
YOKOHAMA,A021
YOKOHAMA,AE30B
YOKOHAMA,E50CA
YOKOHAMA,E70D
YOKOHAMA,AA01
YOKOHAMA,V552A
YOKOHAMA,RY55
YOKOHAMA,RY61
YOKOHAMA,WY01
YOKOHAMA,A006
YOKOHAMA,A006T
YOKOHAMA,A051
YOKOHAMA,V905
YOKOHAMA,E70C
YOKOHAMA,V105
YOKOHAMA,V902A
YOKOHAMA,V103S
YOKOHAMA,V552
YOKOHAMA,E70E
YOKOHAMA,AE30D
YOKOHAMA,AE61
YOKOHAMA,G058
YOKOHAMA,V105S
YOKOHAMA,A008P
YOKOHAMA,AC02A
YOKOHAMA,E70J
YOKOHAMA,E70JC
YOKOHAMA,A460L
YOKOHAMA,AE51E
YOKOHAMA,E70L
YOKOHAMA,V551V
YOKOHAMA,G003
YOKOHAMA,G005
YOKOHAMA,G97A
YOKOHAMA,AE51G
YOKOHAMA,E70WZ
YOKOHAMA,A10A
YOKOHAMA,V103
YOKOHAMA,A10E
YOKOHAMA,AE51B
YOKOHAMA,E70N
YOKOHAMA,G900A
YOKOHAMA,G061
YOKOHAMA,G900
YOKOHAMA,A349A
YOKOHAMA,G055
YOKOHAMA,G056
YOKOHAMA,G016
YOKOHAMA,G033
YOKOHAMA,G033V
YOKOHAMA,V107
YOKOHAMA,ES32A
YOKOHAMA,V105F
YOKOHAMA,E51A
YOKOHAMA,AD09
YOKOHAMA,V103E
YOKOHAMA,V107E
YOKOHAMA,G95A
YOKOHAMA,E70BZ
YOKOHAMA,E70CZ
YOKOHAMA,A032
YOKOHAMA,E70GZ
YOKOHAMA,G91F
YOKOHAMA,V107D
YOKOHAMA,G91AV
YOKOHAMA,G98C
YOKOHAMA,G98EV
YOKOHAMA,G98GV
YOKOHAMA,V108
YOKOHAMA,G057
YOKOHAMA,V107F
YOKOHAMA,S35
YOKOHAMA,V103B
YOKOHAMA,V105T
YOKOHAMA,AE61E
YOKOHAMA,V61A
YOKOHAMA,V61B
YOKOHAMA,V61E
YOKOHAMA,V61F
YOKOHAMA,V105G
YOKOHAMA,V902B
YOKOHAMA,V107A
YOKOHAMA,V105C
YOKOHAMA,V105+
YOKOHAMA,V105W
YOKOHAMA,G902
YOKOHAMA,G94CV
YOKOHAMA,G039
YOKOHAMA,G038G
YOKOHAMA,AD08
YOKOHAMA,V105D
YOKOHAMA,V107C
YOKOHAMA,V105E
YOKOHAMA,V103H
YOKOHAMA,V802
YOKOHAMA,A052A
YOKOHAMA,PA02
YOKOHAMA,V103A
FIREMAX,FM601
FIREMAX,FM913
FIREMAX,FM916
FIREMAX,FM518
ROADSTONE,EUROVIS HP02
ROADSTONE,N BLUE ECO
ROADSTONE,EUROVIS HP01
ROADSTONE,NPRIZ 4S
ROADSTONE,EUROVIS SPORT 04
ROADSTONE,CP321
ROADSTONE,N FERA SU4
ROADSTONE,N8000
ROADSTONE,NFERA SU1
ROADSTONE,CP641
ROADSTONE,RO-HP
ROADSTONE,RO-HT
ROADSTONE,NFERA RU1
ROADSTONE,WINGUARD SUV
ROADSTONE,ROADIAN HT
DAVANTI,DX390
DAVANTI,DX240
DAVANTI,ALLTOURA
DAVANTI,TERRATOURA A/T
DAVANTI,WINTOURA
DAVANTI,DX440
DAVANTI,PROTOURA RACE
DAVANTI,VANTOURA
DAVANTI,WINTOURA VAN
DAVANTI,WINTOURA+
DAVANTI,DX640
DAVANTI,PROTOURA SPORT
DAVANTI,ALLTOURA HT
DAVANTI,WINTOURA SUV
DAVANTI,DX740
DAVANTI,ALLTOURA H/T
DAVANTI,TERRATOURA M/T
DAVANTI,DX-640
TOMKET,SNOWROAD 3
TOMKET,VAN 3
TOMKET,ECO
TOMKET,ALLYEAR 3
TOMKET,ECO 3
TOMKET,SNOWROAD
TOMKET,VAN
TOMKET,SPORT 3
TOMKET,SNOWROAD PRO 3
TOMKET,SNOWROAD VAN
TOMKET,SPORT
TOMKET,ALLYEAR VAN 3
TOMKET,SNOWROAD  VAN 3
TOMKET,AT 3
TOMKET,SNOWROAD PRO
TOMKET,SNOWROAD SUV
TOMKET,SUV
TOMKET,SNOWROAD SUV 3
TOMKET,SUV 3
HAIDA,HD-667
HAIDA,HD667
HAIDA,HD617
HAIDA,HD618
HAIDA,HD-618
HAIDA,HD921
HAIDA,HD606
HAIDA,HD-921
HAIDA,HD668
HAIDA,HD927
HAIDA,HD-668
HAIDA,HD837
HAIDA,HD-919
HAIDA,HD919
HAIDA,HD-927
ZETA,ANTARCTICA 5
ZETA,ACTIVE 4S
ZETA,ZTR50
ZETA,ANTARCTICA 5+
ZETA,ZTR20
ZETA,ANTARCTICA ICE
ZETA,ZTR18
ZETA,ZTR08
ZETA,ALVENTI
ZETA,ZTR10
ZETA,ACTIVEPOWER 4S
ZETA,ANTARCTICA 8
ZETA,IMPERO
ZETA,ANTARCTICA 6
ZETA,AZURA
ZETA,ANTARCTICA SPORT
ZETA,ARTORIA EV
ZETA,TOLEDO
DELINTE,DH-2
DELINTE,DH2
DELINTE,WD6
DELINTE,AW5
DELINTE,WINTER WD-6
DELINTE,ALL WEATHER AW5
DELINTE,WD1
DELINTE,DS2
DELINTE,WINTER WD-1
DELINTE,DV2
DELINTE,D7
DELINTE,DH3
DELINTE,ALL WEATHER AW5 VAN
DELINTE,DV-2
DELINTE,WD2
DELINTE,WINTER WD-2
DELINTE,DH7
DELINTE,DH-7 SUV
DELINTE,DS8 DSII
DELINTE,D7 THUNDER
DELINTE,D8
DELINTE,DH6-RFT
DELINTE,DS8
DELINTE,D8 DESERT STORM
TIGAR,TOURING
TIGAR,ALL SEASON
TIGAR,WINTER 1
TIGAR,HIGH PERFORMANCE
TIGAR,WINTER
TIGAR,WINTER A
TIGAR,SIGURA STUD
TIGAR,TG635
TIGAR,ICE
TIGAR,ULTRA HIGH PERFORMANCE
TIGAR,ALL SEASON SUV
TIGAR,SUV SUMMER
TIGAR,ROAD-TERRAIN
TIGAR,SUV ICE
TIGAR,SUV WINTER
TIGAR,CARGO SPEED
TIGAR,CARGOSPEEDEVO
TIGAR,CARGO SPEED WINTER
NEREUS,NS601
NEREUS,NS913
NEREUS,NS916
NEREUS,DYNTRAC
NEREUS,NS523
CONTINENTAL,SCONTACT
CONTINENTAL,ALLSEASONCONTACT
CONTINENTAL,CONTI.ECONTACT
CONTINENTAL,CONTIECOCONTACT EP
CONTINENTAL,ECOCONTACT 6
CONTINENTAL,CONTIECOCONTACT 3
CONTINENTAL,ULTRACONTACT
CONTINENTAL,WINTERCONTACT TS 860
CONTINENTAL,ALLSEASONCONTACT 2
CONTINENTAL,CONTIECOCONTACT 5
CONTINENTAL,WINTERCONTACT TS 870
CONTINENTAL,CONTICONTACT CT 22
CONTINENTAL,CONTIPREMIUMCONTACT 2
CONTINENTAL,CONTIPREMIUMCONTACT
CONTINENTAL,CONTIPREMIUMCONTACT 5
CONTINENTAL,CONTISPORTCONTACT 3
CONTINENTAL,CONTISPORTCONTACT 2
CONTINENTAL,CONTISPORTCONTACT 5
CONTINENTAL,CONTIWINTERCONTACT TS 830 P
CONTINENTAL,ECOCONTACT 6 Q
CONTINENTAL,CONTIVANCONTACT 100
CONTINENTAL,CONTIVANCONTACT 200
CONTINENTAL,PREMIUMCONTACT 6
CONTINENTAL,VANCOCONTACT 2
CONTINENTAL,VANCONTACT ECO
CONTINENTAL,4X4CONTACT
CONTINENTAL,PREMIUMCONTACT 7
CONTINENTAL,WINTERCONTACT TS 870 P
CONTINENTAL,CONTICONTACT TS 815
CONTINENTAL,ULTRACONTACT NXT
CONTINENTAL,WINTERCONTACT TS 860 S
CONTINENTAL,CROSSCONTACT ATR
CONTINENTAL,CROSSCONTACT H/T
CONTINENTAL,SPORTCONTACT 7
CONTINENTAL,PREMIUMCONTACT C
CONTINENTAL,CONTICROSSCONTACT LX 2
CONTINENTAL,4X4WINTERCONTACT
CONTINENTAL,CROSSCONTACT RX
CONTINENTAL,CROSSCONTACT LX SPORT
CONTINENTAL,VANCOCAMPER
CONTINENTAL,VANCONTACT CAMPER
CONTINENTAL,CONTISPORTCONTACT 5P
CONTINENTAL,SPORTCONTACT 6
CONTINENTAL,VANCOFOURSEASON
CONTINENTAL,WINTERCONTACT TS 850 P
CONTINENTAL,CONTICROSSCONTACT LX
CONTINENTAL,CONTIWINTERCONTACT TS 810 S
CONTINENTAL,CROSSCONTACT UHP
CONTINENTAL,CONTIWINTERCONTACT TS 790 V
CONTINENTAL,ECOCONTACT 7 S
CONTINENTAL,4X4SPORTCONTACT
CONTINENTAL,CONTICROSSCONTACT WINTER
CONTINENTAL,70 E
CONTINENTAL,COMPACTMASTER AG
CONTINENTAL,COMPACTMASTER EM
CONTINENTAL,VANCO 2
CONTINENTAL,VANCONTACT 4SEASON
CONTINENTAL,VANCONTACT WINTER
CONTINENTAL,VANCONTACT ULTRA
CONTINENTAL,VANCONTACT A/S ULTRA
CONTINENTAL,VANCOFOURSEASON 2
CONTINENTAL,VANCONTACT AP
CONTINENTAL,LM 90 (TEX)
CONTINENTAL,VANCOWINTER 2
CONTINENTAL,CONTICROSSCONTACT AT
CONTINENTAL,VANCONTACT A/S
YATONE,P308
YATONE,EFFIVAN
YATONE,EFFITRAC
YATONE,ECOSAVER
SONIX,PRIMESTAR 66
SONIX,ECOPRO 99
SONIX,PRIMEVAN 28
SONIX,PRIMEVAN 9
SONIX,LOADING PRO
SONIX,PRIME UHP 08
SONIX,L-ZEAL56 RUN-FLAT
SONIX,L-ZEAL 56
SONIX,PRIMEMAX A/T II
SONIX,PRIMEMARCH H/T 79
SONIX,PRIMEMASTER M/T II
SONIX,PRIMEMASTER R/T
ROADMARCH,PRIMESTAR 66
ROADMARCH,ECOPRO 99
ROADMARCH,WINTERXPRO 888
ROADMARCH,SNOWROVER 868
ROADMARCH,SNOWROVER 966
ROADMARCH,PRIMEVAN 28
ROADMARCH,PRIME A/S
ROADMARCH,PRIMEVAN 9
ROADMARCH,VAN A/S
ROADMARCH,SNOWROVER 989
ROADMARCH,LOADING PRO
ROADMARCH,PRIMEVAN 36
ROADMARCH,L-ZEAL 56
ROADMARCH,PRIME UHP 08
ROADMARCH,PRIMEMAX A/T II
ROADMARCH,PRIMEMARCH H/T 77
ROADMARCH,PRIMEMARCH H/T 79
ROADMARCH,PRIMEMASTER M/T I
ROADMARCH,PRIMEMAX A/T I
ROADMARCH,PRIMEMASTER M/T II
ROADMARCH,WINTERXPRO 999
ROADMARCH,PRIME UHP 07
ROADMARCH,GLORYTOUR 52
MATRAX,GAMA
MATRAX,ATENCO
MATRAX,MURUBA
MATRAX,ALBA
MATRAX,VERAGUA SX
GREENMAX,ECOTOURING
GREENMAX,LMC9
GREENMAX,HP010
GREENMAX,R666
GREENMAX,LMC5
GREENMAX,LMC8
GREENMAX,R620
AOTELI,ECOLANDER
AOTELI,P307
AOTELI,EFFIVAN
AOTELI,ECOSNOW
AOTELI,P607
AOTELI,ECOSAVER
AOTELI,ECOSNOW4X4
FIRESTONE,MULTISEASON2
FIRESTONE,MULTIHAWK 2
FIRESTONE,ROADHAWK
FIRESTONE,WINTERHAWK 4
FIRESTONE,ROADHAWK 2
FIRESTONE,FIREHAWK SPORT
FIRESTONE,VANHAWK 2
FIRESTONE,VANHAWK 2 WINTER
FIRESTONE,VANHAWK MULTISEASON
BOTO,GENESYS 218
BOTO,VANTAGE H-7
BOTO,VANTAGE H-8
BOTO,GENESYS 228
BOTO,BRAWN BR01
BOTO,BRAWN 2000
BOTO,SASQUA H/T
KELLY,WINTER ST
KELLY,ST4
KELLY,HP2
KELLY,ST3
KELLY,WINTER HP
KELLY,UHP2
KELLY,HP3
KELLY,UHP1
KELLY,HP1
GOWIND,SUPER SPORT CHASER 5
GOWIND,SUPER SPORT CHASER RFT
ILINK,L-FINDER 78
ILINK,TERRAMAX LSR1 A/T
ILINK,TERRAMAX LSR2 A/T
ILINK,TOPFORCE M/T
ILINK,WILDWOLF M/T
ILINK,L-GRIP 66
ILINK,L-GRIP 16
ILINK,MULTIMATCH A/S
ILINK,SNOWGRIPPER I
ILINK,L-POWER 28
ILINK,L-GRIP 55
ILINK,L-SNOW 96
ILINK,WINTER IL868
ILINK,L-MAX 9
ILINK,WINTER IL989
ILINK,L-COMFORT 68
ILINK,MULTIMILE A/S
ILINK,L-STRONG 36
ILINK,L-ZEAL 56
ILINK,THUNDER U09
ILINK,POWERCITY 77
ILINK,POWERCITY 79
ILINK,SNOWGRIPPER II
ILINK,SPEEDKING 07
JOYROAD,TOUR RX1
JOYROAD,MILEMAX RX501
JOYROAD,HP RX3
JOYROAD,RX501
JOYROAD,WINTER RX808
JOYROAD,SPORT RX6
JOYROAD,VAN RX5
JOYROAD,SUV RX702
JOYROAD,SUV RX706
JOYROAD,MT200
JOYROAD,ADVENTURE
MICHELIN,TWEEL SSL ALL TERRAIN
MICHELIN,TWEEL SSL HARD SURFACE
MICHELIN,X METRO
MICHELIN,TWEEL TURF CASTER
MICHELIN,TWEEL TURF
MICHELIN,TWEEL
MICHELIN,CROSSCLIMATE+
MICHELIN,E PRIMACY
MICHELIN,ALPIN 6
MICHELIN,CROSSCLIMATE 2
MICHELIN,ALPIN A4
MICHELIN,PRIMACY 4
MICHELIN,ENERGY SAVER+
MICHELIN,ALPIN 7
MICHELIN,ENERGY SAVER
MICHELIN,XS
MICHELIN,PRIMACY 4+
MICHELIN,COMPETITION
MICHELIN,PRIMACY 3
MICHELIN,LATITUDE CROSS
MICHELIN,PILOT SPORT 3
MICHELIN,PILOT SPORT 4
MICHELIN,E PIMACY
MICHELIN,PILOT SPORT 5
MICHELIN,PILOT ALPIN 5
MICHELIN,PILOT SPORT 4 S
MICHELIN,PILOT SPORT CUP 2
MICHELIN,PILOT SUPER SPORT
MICHELIN,ALPIN 5
MICHELIN,PILOT SPORT PS2
MICHELIN,PILOT EXALTO PE2
MICHELIN,E PRIMACY 2
MICHELIN,COSSCLIMATE 2
MICHELIN,CROSSCLIMATE2 A/W
MICHELIN,LATITUDE ALPIN
MICHELIN,PILOT ALPIN PA4
MICHELIN,CROSSCLIMATE 2 SUV
MICHELIN,PRIMACY 3 ST
MICHELIN,LATITUDE TOUR HP
MICHELIN,CROSSCLIMATE SUV
MICHELIN,LATITUDE ALPIN LA2
MICHELIN,XTA2+ EN/.
MICHELIN,PRIMACY MXM4
MICHELIN,PILOT SPORT EV
MICHELIN,PILOT SPORT S 5
MICHELIN,PILOT SPORT 4 SUV
MICHELIN,PRIMACY HP
MICHELIN,CROSSCLIMATE
MICHELIN,PILOT ALPIN 5 SUV
MICHELIN,LATITUDE SPORT 3
MICHELIN,PILOT SPORT CUP 2 R
MICHELIN,LATITUDE SPORT
MICHELIN,PILOT SPORT ALL SEASON 4
MICHELIN,E PRMACY
MICHELIN,PRIMACY 4  ST
MICHELIN,PRIMACY ALL SEASON
MICHELIN,X MULTI D/.
MICHELIN,PILOT SPORT A/S PLUS
MICHELIN,PILOT SPORT A/S 4
MICHELIN,PILOT SPORT A/S 3
MICHELIN,PRIMACY A/S
MICHELIN,PLOT SPORT 4 SUV
MICHELIN,PRIMACY XC
MICHELIN,LATITUDE TOUR
MICHELIN,LTX TRAIL
MICHELIN,TWEEL UTV
MICHELIN,TWEEL UTV & ATV
MICHELIN,4X4 DIAMARIS
MICHELIN,PRIMACY LTX
MICHELIN,LTX A/T 2
MICHELIN,X FORCE ZL
MICHELIN,XDN GRIP/. FR
MICHELIN,XPM A
MICHELIN,X-TWEEL TMF
MICHELIN,XDA2+EN/.FR
MICHELIN,XTA/.
MICHELIN,XZA2 EN/. FR
MICHELIN,X-CRANE AT
MICHELIN,X-CRANE+
MICHELIN,XGC
MICHELIN,X SNOPLUS
MICHELIN,XP 21
MICHELIN,XV C
MICHELIN,XC4S
MICHELIN,AGILIS ALPIN
MICHELIN,AGILIS CROSSCLIMATE
MICHELIN,AGILIS+
MICHELIN,AGILIS 3
MICHELIN,AGILIS 51 SNOW-ICE
MICHELIN,4X4 O/R XZL
MICHELIN,CROSSCLIMATE CAMPING
MICHELIN,AGILIS CAMPING
MICHELIN,PILOT PRIMACY
MICHELIN,ENERGY MXV4 S8
ZEETEX,ZT1000
ZEETEX,ZT6000 ECO
ZEETEX,HP3000 VFM
ZEETEX,CT2000 VFM
ZEETEX,CT6000 ECO
ZEETEX,HP6000 ECO
ZEETEX,HP2000 VFM
ZEETEX,CT7000
ZEETEX,CT6001 ECO
ZEETEX,SU1000 VFM
ZEETEX,ZT4000 4S
ZEETEX,SU4000 4S
ZEETEX,HP3001 VFM
ZEETEX,SU6000 ECO
ZEETEX,HP1000
APLUS,A609
APLUS,A867
APLUS,A909
APLUS,A606
APLUS,A607
APLUS,A929 A/T RBL
APLUS,A919
APLUS,A929 A/T
APLUS,A929 M/T
ZMAX,LANDGEMA
ZMAX,ICEPIONEER 868
ZMAX,ICEPIONEER 96
ZMAX,LANDGEM
ZMAX,VANMEJOR C30
ZMAX,LY688
ZMAX,ZEALION
ZMAX,GALLOPRO H/T
ZMAX,VANMELOR 30
TOYO,NANOENERGY 3
TOYO,PROXES CF2
TOYO,CELSIUS
TOYO,PROXES COMFORT
TOYO,OPEN COUNTRY M/T
TOYO,OPEN COUNTRY A/T PLUS
TOYO,PROXES SPORT SUV
OVATION,VI-682
OVATION,VI-782 AS
OVATION,VI-789
OVATION,V-02
OVATION,V-01
OVATION,VI-388
OVATION,V-07 AS
OVATION,VI-286 AT
OVATION,VI-386 HP
OVATION,VI-286 HT
OVATION,VI-186 MT
OVATION,VI-286 MT
OVATION,VI-686 AT
OVATION,V-05
OVATION,V-09
OVATION,V-06
OVATION,V-07
CENTARA,VANTI AS
CENTARA,VANTI HP
CENTARA,COMMERCIAL
CENTARA,TERRENA A/T
CENTARA,TERRENA M/T
PRESTIVO,PV-E715
PRESTIVO,PV-AS1
PRESTIVO,PV-C20
PRESTIVO,PV-W440
PRESTIVO,PV-S109
PRESTIVO,PV-X2
PRESTIVO,PV-W300
KPATOS,FM601
KPATOS,FM913
KPATOS,FM916
KPATOS,FM518
SONAR,S-780
SONAR,SX-608
SONAR,SX-1EVO
SONAR,PF-2
SONAR,SX-2
SONAR,SX-9
SONAR,PF-5
SONAR,S-830
SONAR,SX-1
SONAR,S-860
SONAR,N-850
SONAR,N-890
SONAR,S-866
ANSU,OPTECO A1
ARIVO,GLADIATOR ARV M/T
ARIVO,ROCK TRACK M/T
ARIVO,TERRAMAX ARV A/T
ARIVO,TERRAMAX ARV PRO A/T
ARIVO,LION BACK N39
ARIVO,PREMIO ARZ1
ARIVO,PREMIO ARZ2
ARIVO,CARLORFUL A/S
ARIVO,WINMASTER ARW3
ARIVO,TRANSITO ARZ6-M
ARIVO,PREMIO ARZERO
ARIVO,WINMASTER ARW1
ARIVO,WINMASTER ARW2
ARIVO,WINMASTER ARW4
ARIVO,TRANSITO ARZ6-X
ARIVO,VANDERFUL A/S
ARIVO,TRANSITO ARZ6-A
ARIVO,TRANSITO ARZ6-C
ARIVO,ULTRA ARZ5
ARIVO,ULTRA ARZ4
ARIVO,TERRANO ARV H/T
ARIVO,WINTERCROSS ARW7
ARIVO,TRAVERSO ARV H/T
ARIVO,RUBICON A/T
ARIVO,WINMASTER ARW5
ARIVO,ULTRA SPORT ARV7
ARIVO,TRANSITO ARZ6-V
AVON,AZT7
AVON,WT7 SNOW
AVON,ACR11
AVON,AS7 ALL SEASON
AVON,AZV7
AVON,WV7 SNOW
AVON,WX7 WINTER
AVON,ACR27
AVON,AZX7
AVON,AAX7
AVON,ACR227
AVON,ACR11B
AVON,ACR228D
AVON,AAV12
AVON,AS12 ALL SEASON VAN
AVON,RANGEMASTER
SUNNY,NP118
SUNNY,NP226
SUNNY,NL106
SUNNY,NA301
SUNNY,NP203
SUNNY,NL108
SUNNY,NA305
SUNNY,SN880
SUNNY,SN3870
SUNNY,NA603
SUNNY,SSP601
SUNNY,NL956
SUNNY,SN221C
SUNNY,SN255C
COMFORSER,SPORTS-K4
COMFORSER,CF620
COMFORSER,CF600
COMFORSER,CF350
COMFORSER,CF610
COMFORSER,CF930
COMFORSER,CF710
COMFORSER,CF510
COMFORSER,CF300
COMFORSER,CF360
COMFORSER,CF700
COMFORSER,CF500
COMFORSER,CF960
COMFORSER,CF2000
COMFORSER,CF950
COMFORSER,CF4000
COMFORSER,CF3000
COMFORSER,CF1000
COMFORSER,CF1100
CONSTANCY,LY-166
CONSTANCY,LY-399
CONSTANCY,LY-688
CONSTANCY,LY-366
CONSTANCY,LY-566
LINGLONG,T010
LINGLONG,R701
LINGLONG,GREENMAX ECO TOURING
LINGLONG,GREENMAX AS
LINGLONG,GREENMAX VAN
LINGLONG,GREENMAX HP010
LINGLONG,GMAX HP010
LINGLONG,G-MAS
LINGLONG,G-MAS VAN
LINGLONG,GREENMAX
LINGLONG,G-MASVAN
LINGLONG,GREENMAXVA
LINGLONG,AT100
LINGLONG,R620
LINGLONG,WINTERUHP
LINGLONG,SPORT MASTER
LINGLONG,GREENMAX 4X4
LINGLONG,MAX 4X4
LINGLONG,CROSSWIND
LINGLONG,GREENMAXRF
LINGLONG,GMAXACRO RF
LINGLONG,GMAX 4X4
ROYAL,PASSENGER
ROYAL,COMMERCIAL
ROYAL,SNOW
ROYAL,PERFORMANCE
ROYAL,COMFORT
ROYAL,WINTER
ROYAL,SPORT
GOODYEAR,EFFICIENTGRIP COMPACT 2
GOODYEAR,EFFICIENTGRIP COMPACT
GOODYEAR,ULTRAGRIP 9+ MS
GOODYEAR,VECTOR 4SEASONS GEN-2
GOODYEAR,ULTRAGRIP PERFORMANCE +
GOODYEAR,VECTOR 4SEASONS GEN-3
GOODYEAR,DURAGRIP
GOODYEAR,EFFICIENTGRIP PERFORMANCE
GOODYEAR,ULTRAGRIP PERFORMANCE 3
GOODYEAR,VECTOR 4SEASONS
GOODYEAR,EAGLE SPORT 2
GOODYEAR,EFFICIENTGRIP PERFORMANCE 2
GOODYEAR,EAGLE F1 GS D3
GOODYEAR,EXCELLENCE
GOODYEAR,EFFICIENTGRIP
GOODYEAR,ASSURANCE COMFORTTRED
GOODYEAR,EAGLE F1 ASYMMETRIC 6
GOODYEAR,EAGLE F1 (ASYMMETRIC) 3
GOODYEAR,EAGLE F1 SUPERSPORT
GOODYEAR,EAGLE F1 SUPERSPORT R
GOODYEAR,EAGLE F1 (ASYMMETRIC) 2
GOODYEAR,EAGLE F1 (ASYMMETRIC) 5
GOODYEAR,ULTRAGRIP PERFORMANCE GEN-1
GOODYEAR,ULTRAGRIP PERFORMANCE 2 MS
GOODYEAR,EAGLE F1 (ASYMMETRIC)
GOODYEAR,EFFICIENTGRIP 2 SUV
GOODYEAR,ULTRAGRIP PERFORMANCE + SUV
GOODYEAR,ULTRAGRIP PERFORMANCE SUV GEN-1
GOODYEAR,VECTOR 4SEASONS SUV GEN-2
GOODYEAR,EFFICIENTGRIP SUV
GOODYEAR,VECTOR 4SEASONS GEN-3 SUV
GOODYEAR,WRANGLER DURATRAC RT
GOODYEAR,VECTOR 4SEASONS SUV 4X4
GOODYEAR,EAGLE ULTRAGRIP GW-3 MS
GOODYEAR,EAGLE SPORT ALL SEASON
GOODYEAR,EAGLE LS-2
GOODYEAR,EFFICIENTGRIP PERFORMANCE SUV
GOODYEAR,EAGLE TOURING
GOODYEAR,EAGLE F1 (ASYMMETRIC) 3 SUV
GOODYEAR,EAGLE F1 (ASYMMETRIC) SUV AT
GOODYEAR,EAGLE F1 (ASYMMETRIC) 2 SUV 4X
GOODYEAR,EAGLE F1 ALLTERRAIN
GOODYEAR,WRANGLER HP(ALL WEATHER)
GOODYEAR,WRANGLER AT ADVENTURE
GOODYEAR,ULTRAGRIP + SUV MS
GOODYEAR,WRANGLER MT/R
GOODYEAR,EAGLE F1 SUPERSPORT RS
GOODYEAR,EAGLE F1 (ASYMMETRIC) SUV 4X4
GOODYEAR,ULTRAGRIP
GOODYEAR,EAGLE NCT5
GOODYEAR,WRANGLER DURATRAC
GOODYEAR,WRANGLER TERRITORY HT
GOODYEAR,WRANGLER TERRITORY AT/S
GOODYEAR,EAGLE F1 SUPERCAR 3R
GOODYEAR,WRANGLER TERRITORY RT
GOODYEAR,EFFICIENTGRIP CARGO 2
GOODYEAR,VECTOR 4SEASONS CARGO
GOODYEAR,ULTRAGRIP CARGO
GOODYEAR,DURAMAX G2
GOODYEAR,EFFICIENTGRIP CARGO
GOODYEAR,WRANGLER AT/S
GOODYEAR,CARGO ULTRAGRIP 2
GOODYEAR,CARGO VECTOR 2
GOODYEAR,EAGLE SPORT CARGO
GOODYEAR,CARGO MARATHON
GOODYEAR,CARGO VECTOR
GOODYEAR,DURAMAX STEEL
LASSA,SNOWAYS 3
LASSA,GREENWAYS
LASSA,MULTIWAYS 2
LASSA,LC/R
LASSA,SNOWAYS 4
LASSA,MULTIWAYS-C
LASSA,TRANSWAY 2
LASSA,ICEWAYS 2
LASSA,MULTIWAYS
LASSA,TRANSWAY
LASSA,DRIVEWAYS
LASSA,REVOLA
LASSA,TRANSWAY 3
LASSA,TRANSWAY A/T
LASSA,WINTUS 2
LASSA,COMPETUS A/T 2
LASSA,COMPETUS A/T 3
LASSA,DRIVEWAYS SPORT +
LASSA,IMPETUS REVO
LASSA,COMPETUS WINTER 2 +
LASSA,COMPETUS H/P
LASSA,COMPETUS H/P 2
LASSA,COMPETUS H/L
LASSA,MULTIWAYS 4X4
LASSA,MAXIWAYS 100S
LASSA,MAXIWAYS 110D
LASSA,DRIVEWAYS SPORT
SUMITOMO,BC100
SUMITOMO,WT200
SUMITOMO,SL727
SUMITOMO,HTR Z5
SUMITOMO,HTRZ5
ANCHEE,AC808
ANCHEE,AC838
ANCHEE,AC868
ANCHEE,AC818
ANCHEE,AC218
ANCHEE,AC828
ANCHEE,AC858
KENDA,KR202 KENETICA 4S
KENDA,KR210 KENETICA PRO
KENDA,KR23 KOMET PLUS
KENDA,KR501 WINTERGEN 2
KENDA,KR203 KENETICA ECO
KENDA,KR16 KARGO PRO
KENDA,KR33 KOMENDO
KENDA,KR500 KOMENDO WINTER 1
KENDA,KR26 VEZDA AST
KENDA,KR36 ICETEC NEO
KENDA,KR27 ICETEC
KENDA,KR32 KUAVELA SL
KENDA,KR41 EMERA A1
KENDA,KR20A KAISER (SEMI-SLICK)
KENDA,KR20A KAISER (SPORTY)
KENDA,KR33A KOMENDO
KENDA,KR15 KLEVER H/P
KENDA,KR504 WINTERGEN 2 SUV
KENDA,KR605 EMERA SUV
KENDA,KR50 KLEVER H/T
KENDA,KR609 KENETICA 4S SUV
WESTLAKE,Z401
WESTLAKE,RP28
WESTLAKE,Z-107 ZUPPERECO
WESTLAKE,H188
WESTLAKE,SL305
WESTLAKE,SL369
WESTLAKE,SC328
WESTLAKE,SA57
WESTLAKE,SA37
WESTLAKE,SL309
WESTLAKE,SW613
WESTLAKE,Z007
WESTLAKE,SU318
PREMIORRI,VIMERO
PREMIORRI,SOLAZO
PREMIORRI,VIAMAGGIORE
PREMIORRI,VIAMAGGIORE Z PLUS
PREMIORRI,VIMERO-VAN
PREMIORRI,SOLAZO SPLUS
PREMIORRI,VIMERO-SUV
PREMIORRI,VIMERO SUV
GREMAX,CAPTURAR CF18
GREMAX,CAPTURAR CF19
GREMAX,CAPTURAR CF12
GREMAX,CAPTURAR CF12 WSW
GREMAX,CAPTURAR CF20
GREMAX,CAPTURAR CF28
GREMAX,CAPTURAR CF5
AUTOGUARD,SA602
AUTOGUARD,SA902
AUTOGUARD,ES9000
AUTOGUARD,S900
AUTOGUARD,SA802
AUTOGUARD,S600
AUTOGUARD,WINMAX
AUTOGUARD,S800
AUTOGUARD,JB55
AUTOGUARD,JB42
AUTOGUARD,JB45
AUTOGUARD,SV365
SAFERICH,FRC16
SAFERICH,FRC79
SAFERICH,FRC76
SAFERICH,ALL CLIMATE AC-I
SAFERICH,FRC96
SAFERICH,STU99
SAFERICH,FRC75
SAFERICH,FRC26
SAFERICH,FRC66
SAFERICH,FRC86
SAFERICH,FRC866
SAFERICH,FRC78
SAFERICH,FRC88
SAFERICH,ARCTIC STU99
SAFERICH,MUD HUNTER
ATLAS,GREEN HP
ATLAS,GREEN 4S
ATLAS,GREEN VAN2
ATLAS,GREEN VAN 4S
ATLAS,GREEN3 4S
ATLAS,SPORTGREEN2
ATLAS,GREEN VAN3
ATLAS,SPORTGREEN SUV2
ATLAS,SPORTGREEN3
LANVIGATOR,CATCHGRE GP100
LANVIGATOR,MILE MAX
LANVIGATOR,COMFORT I
LANVIGATOR,MILEMAX
LANVIGATOR,COMFORT II
LANVIGATOR,CATCHPOWER
LANVIGATOR,ICEPOWER
LANVIGATOR,CATCHFORS A/T
LANVIGATOR,HN888
LANVIGATOR,CATCHFORS A/S
LANVIGATOR,PERFORMAX
LANVIGATOR,CATCHSNOW
LANVIGATOR,CATCHPOWER SUV
LANVIGATOR,C/POWER
LANVIGATOR,CPOWER
LANVIGATOR,SNOWPOWER
ARDENT,TOUR RX1
ARDENT,HP RX3
ARDENT,SPORT RX6
ARDENT,VAN RX5
ARDENT,SUV RX702
ARDENT,SUV RX706
ROVELO,RHP-778
ROVELO,RHP-780
ROVELO,RHP-780P
ROVELO,RCM-836
ROVELO,RPX-988
ROVELO,ROAD QUEST HT
ROVELO,ROAD QUEST
TRACMAX,X-PRIVILO H/T
TRACMAX,X-PRIVILO S130
TRACMAX,X-PRIVILO TX2
TRACMAX,102
TRACMAX,ICE-PLUS S110
TRACMAX,TRAC SAVER
TRACMAX,F109
TRACMAX,ICE-PLUS S100
TRACMAX,109
TRACMAX,ICE-PLUS SR1
TRACMAX,RF08
TRACMAX,X-PRIVILO VS450
TRACMAX,ICE-PLUS S210
TRACMAX,F102
TRACMAX,MAX8000
TRACMAX,VAN SAVER
TRACMAX,RF09
TRACMAX,RF19
TRACMAX,F101
TRACMAX,X-PRIVILO TX3
TRACMAX,F105
TRACMAX,X-PRIVILO TX1
TRACMAX,F107
TRACMAX,X-PRIVILO AT01
TRACMAX,X-PRIVILO S330
TRACMAX,X-PRIVILO AT08
TRACMAX,X-SPORT F110
TRACMAX,X-PRIVILO RS01+
RUNWAY,ENDURO 726
RUNWAY,ENDURO H/P
RUNWAY,ENDURO LT
RUNWAY,ENDURO 816
RUNWAY,ENDURO 616
RUNWAY,PERFORMANCE 926
RUNWAY,ENDURO SPORT
RUNWAY,ENDURO HP
RUNWAY,ENDURO SUV
RUNWAY,ENDURO H/T
RUNWAY,ALL SEASON
RUNWAY,ENDURO AT
EXCELON,TOURING HP
EXCELON,EV-1
EXCELON,PERFORMANCE UHP
EXCELON,EX-4
ROTALLA,M/T
ROTALLA,S130 SETULA W RACE
ROTALLA,SETULA E-PACE RH02
ROTALLA,109
ROTALLA,SETULA 4-SEASON RA03
ROTALLA,S-110 ICE-PLUS
ROTALLA,SR-1 ICE-PLUS
ROTALLA,RH-02
ROTALLA,F-109
ROTALLA,SETULA W RACE VS450
ROTALLA,S-210
ROTALLA,SETULA 4-SEASON RA05
ROTALLA,RF-09 TRANSPORTER
ROTALLA,RF-19 SETULA V-PACE
ROTALLA,RU-01
ROTALLA,F-105
ROTALLA,RH-01
ROTALLA,RA05
ROTALLA,RF-07
ROTALLA,SETULA W RACE S330
ROTALLA,RF10 H/T ENJOYLAND
ROTALLA,S-220
ROTALLA,AT-01 SETULA
ROTALLA,AT-08 SETULA
ROTALLA,RA03
ROTALLA,SETULA S-RACE RS01+
ROTALLA,F-110
ROTALLA,RF-06
ROTALLA,RS01+
ACCELERA,PHI-R
ACCELERA,XGRIP 4S
ACCELERA,MT-01
ACCELERA,PHI
ACCELERA,ECO PLUSH
ACCELERA,SIGMA
ACCELERA,IOTA ST68
ACCELERA,PENTA
ACCELERA,OMIKRON HT
ACCELERA,OCTA
ACCELERA,OMIKRON AT
ACCELERA,PHI 2
ACCELERA,OMIKRON CT
LANDSAIL,LS388
LANDSAIL,WINTER LANDER
LANDSAIL,4-SEASONS
LANDSAIL,WINTER WD-6
LANDSAIL,CT6
LANDSAIL,LS288
LANDSAIL,LS188+
LANDSAIL,WINTER WD-1
LANDSAIL,LSV88
LANDSAIL,SENTURY QIRIN 990
LANDSAIL,SNOW STAR
LANDSAIL,LS588
LANDSAIL,LS988
LANDSAIL,WINTER STAR
LANDSAIL,CLV2
LANDSAIL,D7 THUNDER
LANDSAIL,CLV6
LANDSAIL,LS588 SUV
LANDSAIL,CLV1
KUSTONE,COME L09
KUSTONE,RADIAL P07
KUSTONE,QUIET Q7
KUSTONE,RADIAL P07-N
KUSTONE,PASSION P9
KUSTONE,ACTIVE V02
KUSTONE,SPORT M01
KUSTONE,PLUS V03
KUSTONE,SAFY M06
KUSTONE,FREELY F11
KUSTONE,TUGH A99
KUSTONE,GIANT AT86
KUSTONE,PASSION P9S
KUSTONE,KNIGHT K8
KUSTONE,ENCOM M07
ATTURO,TRAIL BLAD X/T
ATTURO,AZ800
ATTURO,AZ61
ATTURO,TRAIL BLAD M/T
ATTURO,AZ850
ALLIANCE,AL30
DELMAX,GRIPPRO AT
DELMAX,ULT TOUR
DELMAX,X-WEATHER 4S
DELMAX,TOURING S1
DELMAX,X-WEATHER VAN 4S
DELMAX,ULT PERF
DELMAX,EXP PRO
DELMAX,PERFORM PRO
DELMAX,FURIOUS S1
DELMAX,ULTIMA PLUS
DELMAX,UTIL PRO
DELMAX,ULTIMASPORT
DELMAX,ULTIMA PERFORM
APOLLO,A3G
APOLLO,AMAZER 3G
APOLLO,ALNAC 4G ALL SEASON
APOLLO,ALNAC 4G WINTER
APOLLO,AMAZER XP
APOLLO,3GM
APOLLO,AMAZER 3G MAXX
APOLLO,AMAZER 4G ECO
APOLLO,ALNAC 4GS
APOLLO,ALNAC 4G
APOLLO,ALTRUST ALL SEASON
APOLLO,ALTRUST+
APOLLO,ASPIRE 4G
APOLLO,ASPIRE 4G+
APOLLO,ASPIRE XP WINTER
APOLLO,APTERRA HT2
APOLLO,ASPIRE XP
APOLLO,APTERRA AT
APOLLO,AAT
APOLLO,AHT
APOLLO,AHP
APOLLO,ENDUCITY UA
APOLLO,ENDUCOMFORT CA
APOLLO,TERRA PRO 1044
APOLLO,TERRA PRO 1045
APOLLO,ENDUMILE LHT
BRIDGESTONE,TURANZA T005
BRIDGESTONE,ECOPIA EP500
BRIDGESTONE,BLIZZAK LM005
BRIDGESTONE,BLIZZAK LM-500
BRIDGESTONE,ECOPIA EP600
BRIDGESTONE,POTENZA RE050A
BRIDGESTONE,ECOPIA EP150
BRIDGESTONE,BLIZZAK 6
BRIDGESTONE,A005 WEATHER CONTROL EVO
BRIDGESTONE,TURANZA T001
BRIDGESTONE,TURANZA ECO
BRIDGESTONE,BLIZZAK LM-25
BRIDGESTONE,TURANZA ER370
BRIDGESTONE,BLIZZAK LM-001
BRIDGESTONE,ECOPIA EP25
BRIDGESTONE,A005 WEATHER CONTROL DRIVEGUAR
BRIDGESTONE,ECOPIA EP001S
BRIDGESTONE,BLIZZAK ICE
BRIDGESTONE,TURANZA 6
BRIDGESTONE,ECOPIA EP510
BRIDGESTONE,POTENZA S001
BRIDGESTONE,BLIZZAK LM005 DRIVEGUARD
BRIDGESTONE,TURANZA ALL SEASON 6 DRIVEGUAR
BRIDGESTONE,TURANZA ER300
BRIDGESTONE,TURANZA T005 DRIVEGUARD
BRIDGESTONE,WEATHER CONTROL A005
BRIDGESTONE,BLIZZAK DM-V2
BRIDGESTONE,DUELER ALL TERRAIN A/T002
BRIDGESTONE,DUELER H/T 684
BRIDGESTONE,POTENZA SPORT
BRIDGESTONE,DUELER H/P SPORT
BRIDGESTONE,BLIZZAK LM-32
BRIDGESTONE,TURANZA T005A
BRIDGESTONE,BLIZZAK DM-V3
BRIDGESTONE,DUELER H/T 689
BRIDGESTONE,TURANZA ER33
BRIDGESTONE,ECOPIA EP300
BRIDGESTONE,ALENZA 001
BRIDGESTONE,DUELER H/P SPORT AS
BRIDGESTONE,BLIZZAK LM-80
BRIDGESTONE,DUELER A/T 001
BRIDGESTONE,POTENZA S005
BRIDGESTONE,TURANZA LS100
BRIDGESTONE,TURANZA LS100A
BRIDGESTONE,POTENZA RACE
BRIDGESTONE,POTENZA RE050
BRIDGESTONE,TURANZA EL400
BRIDGESTONE,TURANZA EL450
BRIDGESTONE,ECOPIA H/L 422PLUS
BRIDGESTONE,ALENZA H/L 33
BRIDGESTONE,DUELER H/T 687
BRIDGESTONE,DUELER M/T 674
BRIDGESTONE,BIZZAK M005
BRIDGESTONE,DUEER A TERRAIN A/T002
BRIDGESTONE,POTENZA RE71
BRIDGESTONE,DUELER H/L 400
BRIDGESTONE,TURANZA T005AD
BRIDGESTONE,ALENZA SPORT ALL SEASON
BRIDGESTONE,DUELER H/L 33A
BRIDGESTONE,BLIZZAK LM-25 4X4
BRIDGESTONE,BLIZZAK LM-80 EVO
BRIDGESTONE,NORANZA SUV 001
BRIDGESTONE,DUELER H/L 33
BRIDGESTONE,POTENZA S007
BRIDGESTONE,POTENZA S001L
BRIDGESTONE,TURANZA ER42
BRIDGESTONE,DUELER H/T 684 III
BRIDGESTONE,DUELER H/T 685
BRIDGESTONE,DUELER H/T 840
BRIDGESTONE,DUELER H/P 92A
BRIDGESTONE,DUELER A/T 693III
BRIDGESTONE,DUELER H/L ALENZA
BRIDGESTONE,TURANZA ER30
BRIDGESTONE,BLIZZAK W810
BRIDGESTONE,DURAVIS ALL SEASON
BRIDGESTONE,DURAVIS VAN
BRIDGESTONE,BLIZZAK LM-32C
BRIDGESTONE,DURAVIS VAN WINTER
BRIDGESTONE,DURAVIS R660
BRIDGESTONE,BLIZZAK W995 MULTICELL
BRIDGESTONE,DURAVIS R623
BRIDGESTONE,DURAVIS R660 ECO
BRIDGESTONE,BLIZZAK LM-18C
BRIDGESTONE,DURAVIS R660A
BRIDGESTONE,V-STEEL RIB 294 (R294)
MAZZINI,ECO307
MAZZINI,EFFIVAN
MAZZINI,SNOW LEOPARD
MAZZINI,ECO605 PLUS
MAZZINI,ECO607
MAZZINI,RUNFLAT
MAZZINI,ECOSAVER
MAZZINI,SNOW LEOPARD LX
MAZZINI,ECO606
MAZZINI,VARENNA S01
THREE-A,P306
THREE-A,EFFITRAC
THREE-A,EFFIVAN
THREE-A,P606
THREE-A,ECOSAVER
THREE-A,ECOLANDER
THREE-A,ECOWINGED
DURUN,T90A
DURUN,C212
DURUN,A2000
DURUN,MOZZO S
DURUN,L919
DURUN,B717
DURUN,D108
DURUN,C232-X
DURUN,M636
DURUN,M626
SUNWIDE,RS-ZERO
SUNWIDE,TRAVOMATE
SUNWIDE,VANMATE
SUNWIDE,RS-ONE
SUNWIDE,CONQUEST
AGORA,TOURING
AGORA,CARGO
AGORA,SPORT
ALTENZO,SPORTS LINEAR
ALTENZO,SPORTS EQUATOR
ALTENZO,CURSITO
ALTENZO,SPORTS COMFORTER+
ALTENZO,SPORTS TEMPEST
ALTENZO,SPORTS NAVIGATOR
ALTENZO,SPORTS NAVIGATOR 2
PACE,ANTARCTICA 5
PACE,ACTIVE 4S
PACE,PC50
PACE,PC20
PACE,ANTARCTICA ICE
PACE,PC18
PACE,PC08
PACE,ALVENTI
PACE,PC10
PACE,ACTIVEPOWER 4S
PACE,ANTARCTICA 8
PACE,IMPERO
PACE,ANTARCTICA 6
PACE,ANTARCTICA SPORT
CHARMHOO,CH01
CHARMHOO,CH03
CHARMHOO,SUMITRA VAN
CHARMHOO,SPORTS T1
CHARMHOO,ECOPLUS
CHARMHOO,SUMTIRE VAN
CHARMHOO,SUMTIRA VAN
KUMHO,121
KUMHO,KH17
KUMHO,KH27
KUMHO,HA32
KUMHO,ES31
KUMHO,WP51
KUMHO,131
KUMHO,HA31
KUMHO,KH11
KUMHO,WP52
KUMHO,PS31
KUMHO,KH21
KUMHO,7400
KUMHO,C03
KUMHO,TW02
KUMHO,V70A
KUMHO,800L
KUMHO,800R
KUMHO,HS52
KUMHO,TM02
KUMHO,HS51
KUMHO,KW23
KUMHO,900L
KUMHO,900R
KUMHO,S700
KUMHO,AT61
KUMHO,KC53
KUMHO,KL71
KUMHO,KH31
KUMHO,PS71
KUMHO,VS31
KUMHO,WS71
KUMHO,KW27
KUMHO,WP71
KUMHO,KU39
KUMHO,KH25
KUMHO,TA31
KUMHO,HS63
KUMHO,RT03
KUMHO,KL33
KUMHO,RS50
KUMHO,XD10
KUMHO,TW03
KUMHO,WP72
KUMHO,HP71
KUMHO,KC15
KUMHO,KL21
KUMHO,HP91
KUMHO,KL51
KUMHO,RD50
KUMHO,PS91
KUMHO,KH16
KUMHO,MT51
KUMHO,AT52
KUMHO,KL16
KUMHO,RD02
KUMHO,RS03
KUMHO,MT71
KUMHO,KU31
KUMHO,KL17
KUMHO,857
KUMHO,CW51
KUMHO,CX11
KUMHO,W700
KUMHO,RS02
PIRELLI,SPARE TYRE
PIRELLI,CINTURATO ALL SEASON
PIRELLI,CINTURATO WINTER 2
PIRELLI,CINTURATO P1
PIRELLI,WINTER 210 SNOWCONTR
PIRELLI,CINTURATO WINTER
PIRELLI,P6000
PIRELLI,POWERGY
PIRELLI,WINTER SOTTOZERO 3
PIRELLI,P-ZERO (PZ4)
PIRELLI,PZERO NERO
PIRELLI,P ZERO
PIRELLI,CINTURATO P7 (P7C2)
PIRELLI,CINTURATO P7
PIRELLI,WINTER 210 SOTTOZERO
PIRELLI,PZERO ROSSO ASIMMETR
PIRELLI,CINTURATO P7 ALL SEA
PIRELLI,WINTER 240 SOTTOZERO
PIRELLI,PZERO DIREZIONALE
PIRELLI,PZERO ASIMMETRICO
PIRELLI,SCORPION VERDE
PIRELLI,SCORPION VERDE ALL S
PIRELLI,SCORPION WINTER
PIRELLI,PZERO WINTER
PIRELLI,PZERO CORSA (PZC4)
PIRELLI,PZERO CORSA DIREZION
PIRELLI,PZERO ALL SEASON
PIRELLI,CINTURATO P7 BLUE
PIRELLI,SCORPION
PIRELLI,SCORPION WINTER 2
PIRELLI,WINTER 270 SOTTOZERO
PIRELLI,PZERO E
PIRELLI,SCORPION ZERO ASIM.
PIRELLI,SCORPION ALL SEASON
PIRELLI,SCORPION ZERO ALL SE
PIRELLI,SCORPION MS
PIRELLI,SCORPION ALL TERRAIN
PIRELLI,PZERO CORSA ASIMMETR
PIRELLI,PZERO ROSSO DIREZION
PIRELLI,SCORPION ZERO
PIRELLI,PZERO R
PIRELLI,SCORPION ICE & SNOW
PIRELLI,SCORPION ATR
PIRELLI,CARRIER
PIRELLI,CARRIER WINTER
PIRELLI,CARRIER ALL SEASON
IRIS,ECORIS
IRIS,SEFAR
IRIS,STORMY
IRIS,AURES
CEAT,WINTERDRIVE
CEAT,ECODRIVE
CEAT,4SEASONDRIVE+
CEAT,4SEASONDRIVE
CEAT,SECURADRIVE
CEAT,ENDURADRIVE
CEAT,SPORTDRIVE
CEAT,ENDURADRIVE A/S
CEAT,SPORT DRIVE SUV
CEAT,WINTER DRIVE SUV
CEAT,CROSSDRIVE AT
CEAT,SPORTDRIVE SUV
RADAR,DIMAX CLASSIC
RADAR,RIVERA PRO-2
RADAR,ARGONITE RV-4
RADAR,RENEGADE CLASSIC
RADAR,RPX-800
RADAR,DIMAX 4 SEASON
RADAR,DIMAX WINTER
RADAR,DIMAX WINTER SPORT
RADAR,DIMAX ALL SEASON
RADAR,DIMAX SPRINT
RADAR,DIMAX ALPINE
RADAR,RPX-800 EV
RADAR,ARGONITE ALPINE
RADAR,RLT-71
RADAR,DIMAX 4 SEASON RFT
RADAR,RPX-800 RFT
RADAR,DIMAX ECO
RADAR,DIMAX ICE
RADAR,DIMAX ICE LOCK
RADAR,ARGONITE RV-4S
RADAR,RENEGADE R/T+
RADAR,DIMAX R8
RADAR,DIMAX R8+
RADAR,DIMAX R8+ RFT
RADAR,DIMAX R8 RFT
RADAR,DIMAX SPORT
RADAR,DIMAX ICE LOCK (DI.IL.02)
RADAR,RENEGADE A/T SPORT
RADAR,RENEGADE A/T-5
RADAR,DIMAX R8 EV
RADAR,DIMAX ICE LOCK (DI.IL.03)
RADAR,DIMAX R8+ EV
RADAR,RPX-800+
RADAR,RPX-800+ RFT
RADAR,DIMAX ICE LOCK (DI.IL.04)
RADAR,RENEGADE M/T-R7
RADAR,RENEGADE X
COOPER,CCS7
COOPER,WM SA2+
COOPER,DISCOVERER ALL SEASON
COOPER,ZEON CS8
COOPER,WEATHERMASTER WSC
COOPER,DISCOVERER AT3 SPORT 2
COOPER,DISCOVERER WINTER
COOPER,DISCOVERER ATT
COOPER,ZEON 4XS SPORT
COOPER,DISCOVERER AT3 4S
COOPER,DISCOVERER AT3 LT
COOPER,EVOLUTION VAN
COOPER,EVOLUTION VAN ALL SEASON
COOPER,WM-VAN
ANNAITE,AN 668
ANNAITE,AN 900
ANNAITE,AN 616
GOLDWAY,W90A
GOLDWAY,P212
GOLDWAY,A320
GOLDWAY,ECO-BLUE
GOLDWAY,P232
GOLDWAY,WG880
GOLDWAY,G2001
GOLDWAY,D108
GOLDWAY,G2002
GOLDWAY,G2000
GOLDWAY,P232-X
GOLDWAY,R838
GOLDWAY,R828
GOLDWAY,G2003
VREDESTEIN,QUATRAC 5
VREDESTEIN,SPRINT CLASSIC
VREDESTEIN,SNOWTRAC 5
VREDESTEIN,T-TRAC 2
VREDESTEIN,SNOW CLASSIC
VREDESTEIN,SPORTRAC 5
VREDESTEIN,QUATRAC
VREDESTEIN,WINTRAC
VREDESTEIN,ULTRAC
VREDESTEIN,COMTRAC 2 WINTER+
VREDESTEIN,COMTRAC 2 ALL SEASON+
VREDESTEIN,WINTRAC PRO
VREDESTEIN,QUATRAC PRO
VREDESTEIN,QUATRAC PRO+
VREDESTEIN,SPRINT+
VREDESTEIN,COMTRAC 2
VREDESTEIN,QUATRAC PRO EV
VREDESTEIN,ULTRAC SATIN
VREDESTEIN,WINTRAC XTREME S
VREDESTEIN,COMTRAC 2 ALL SEASON
VREDESTEIN,WINTRAC PRO+
VREDESTEIN,COMTRAC 2 WINTER
VREDESTEIN,ULTRAC PRO
VREDESTEIN,ULTRAC VORTI+
VREDESTEIN,ULTRAC VORTI
VREDESTEIN,ULTRAC VORTI R+
VREDESTEIN,ULTRAC VORTI R
HIFLY,HF201
HIFLY,SUPER2000
HIFLY,HF805
HIFLY,VIGOROUS HP801
HIFLY,VIGOROUS HT601
HIFLY,VIGOROUS AT601
HIFLY,VIGOROUS MT601
TRIANGLE,TA01
TRIANGLE,TR978
TRIANGLE,TR928
TRIANGLE,TE301
TRIANGLE,TV701
TRIANGLE,TR652
TRIANGLE,TE307
TRIANGLE,TR292
TRIANGLE,TC101
TRIANGLE,TR918
TRIANGLE,TR645
TRIANGLE,TH201
TRIANGLE,TH202
TRIANGLE,TR259
TRIANGLE,TR777
TRIANGLE,TR257
TOLEDO,TL1000
TOLEDO,TL5000
TOLEDO,BLUESNOW
TOLEDO,TL1002
TOLEDO,TL1001
TOLEDO,TL3000
TOLEDO,ECOSNOW4X4
TOLEDO,TL6000 A/T
TOLEDO,TL2000
TOLEDO,TL7000 M/T
AUTOGRIP,GRIP1000
AUTOGRIP,P308
AUTOGRIP,P308+
AUTOGRIP,VANMAX
AUTOGRIP,GRIP200
AUTOGRIP,GRIP500
AUTOGRIP,GRIP800
AUTOGRIP,EFFITRAC
AUTOGRIP,F101
AUTOGRIP,GRIP300
AUTOGRIP,GRIP2000
AUTOGRIP,GRIP 500
AUTOGRIP,GRIP280
AUTOGRIP,GRIP3000
AUTOGRIP,GRIP260
AUTOGRIP,GRIP4000
AUTOGRIP,ECOSAVER
AUTOGRIP,GRIP790
AUTOGRIP,GRIP900
AUTOGRIP,GRIP700
MAXXIS,MA510N
MAXXIS,ME3
MAXXIS,WP05
MAXXIS,AP2
MAXXIS,MAP1
MAXXIS,MAPW
MAXXIS,UN999
MAXXIS,UE168
MAXXIS,AP3
MAXXIS,MA307M
MAXXIS,UE168N
MAXXIS,MAP5
MAXXIS,MAW2
MAXXIS,WL2
MAXXIS,MA1
MAXXIS,MAAS
MAXXIS,MAZ3
MAXXIS,AL2 VANSMART AS
MAXXIS,MA307
MAXXIS,MA307A
MAXXIS,MA307B
MAXXIS,MALAS
MAXXIS,UE103
MAXXIS,MAZ1
MAXXIS,MA510
MAXXIS,WP6
MAXXIS,ME3 PLUS
MAXXIS,MCV3 PLUS
MAXXIS,UE-168N
MAXXIS,DN851N
MAXXIS,M36
MAXXIS,PROR1
MAXXIS,MA510E
MAXXIS,HP5
MAXXIS,MAZ4S
MAXXIS,HPM3
MAXXIS,UE100
MAXXIS,VS01
MAXXIS,M35
MAXXIS,PRO-R1
MAXXIS,PRO R1
MAXXIS,MA751
MAXXIS,VS5
MAXXIS,M36 PLUS
MAXXIS,AP3 SUV
MAXXIS,AT771
MAXXIS,MASAS
MAXXIS,MASW
MAXXIS,MAP
MAXXIS,MA919
MAXXIS,HT770
MAXXIS,HP600
MAXXIS,SPRO
MAXXIS,HT780
MAXXIS,AT980E
MAXXIS,VS EV
MAXXIS,VS5 SUV
MAXXIS,AL2 VANMART AS
MAXXIS,MCV3
MAXXIS,MT762
MAXXIS,WP6 SUV
MAXXIS,UE101
MAXXIS,UE102
HANKOOK,S300
HANKOOK,KINERGY 4S2 H750
HANKOOK,WINTER I*CEPT RS2 W452
HANKOOK,OPTIMO K715
HANKOOK,KINERGY ECO2 K435
HANKOOK,KINERGY 4S H740
HANKOOK,WINTER I*CEPT RS W442
HANKOOK,RADIAL RA08
HANKOOK,KINERGY ECO K425
HANKOOK,VANTRA LT RA18
HANKOOK,VENTUS Z205
HANKOOK,VENTUS Z210
HANKOOK,WINTER I*CEPT RS3 W462
HANKOOK,WINTER I*CEPT LV RW12
HANKOOK,DYNAPRO R211
HANKOOK,VENTUS F200
HANKOOK,WINTER RW06
HANKOOK,VENTUS Z206
HANKOOK,VENTUS Z209
HANKOOK,VENTUS PRIME3 K125
HANKOOK,VENTUS V12 EVO2 K120
HANKOOK,DYNAPRO HP2 RA33
HANKOOK,WINTER I*CEPT EVO2 W320
HANKOOK,VANTRA ST AS2 RA30
HANKOOK,VENTUS Z207
HANKOOK,VENTUS S1 EVO K107
HANKOOK,VENTUS PRIME 2 K115
HANKOOK,VENTUS PRIME4 K135
HANKOOK,VENTUS RS4 Z232
HANKOOK,OPTIMO K415
HANKOOK,VENTUS Z215
HANKOOK,VENTUS TD Z221
HANKOOK,VENTUS PRIME2 K115B
HANKOOK,VENTUS PRIME3 K125B
HANKOOK,WINTER I*CEPT EVO2 W320B
HANKOOK,WINTER I*CEPT EVO3 W330
HANKOOK,DYNAPRO AT M RF10
HANKOOK,DYNAPRO AT2 XTREME RF12
HANKOOK,VENTUS Z217
HANKOOK,ION EVO IK01
HANKOOK,ION FLEXCLIMATE IL01
HANKOOK,ION I*CEPT IW01
HANKOOK,VENTUS S1 EVO3 K127
HANKOOK,VENTUS S1 EVO3 K127B
HANKOOK,VENTUS S1 EVO2 K117B
HANKOOK,WINTER I*CEPT RS3 W462B
HANKOOK,WINTER I*CEPT EVO W310
HANKOOK,VENTUS S1 EVO 2 K117
HANKOOK,KINERGY 4S2 H750B
HANKOOK,VENTUS PRIME4 K135B
HANKOOK,RADIAL RA14
HANKOOK,RADIAL RA28
HANKOOK,RADIAL RA28E
HANKOOK,DYNAMIC MT RT01
HANKOOK,DYNAPRO AT2 RF11
HANKOOK,VENTUS Z213
HANKOOK,ION EVO SUV IK01A
HANKOOK,ION FLEXCLIMATE SUV IL01A
HANKOOK,KINERGY 4S2 X H750A
HANKOOK,VENTUS S1 EVO3 SUV K127A
HANKOOK,ION I*CEPT SUV IW01A
HANKOOK,DYNAPRO HPX RA43
HANKOOK,DYNAPRO HP RA23
HANKOOK,VENTUS PRIME4 K135A
HANKOOK,VENTUS PRIME3 X K125A
HANKOOK,VENTUS S1 EVO2 SUV K117A
HANKOOK,VENTUS S1 EVO3 EV K127E
HANKOOK,WINTER I*CEPT EVO2 SUV W320A
HANKOOK,WINTER I*CEPT EVO3 X W330A
HANKOOK,DYNAPRO MT2 RT05
HANKOOK,VENTUS S1 EVO Z K129
HANKOOK,WINTER I*CEPT EVO3 W330B
HANKOOK,VENTUS S1 EVO2 SUV K117C
HANKOOK,WINTER I*CEPT EVO3 X W330C
HANKOOK,VENTUS S1 EVO3 SUV K127C
HANKOOK,VENTUS Z214
HANKOOK,WINTER I*CEPT EVO W310B
HANKOOK,DYNAPRO HT RH12
HANKOOK,WINTER I*CEPT EVO2 SUV W320C
HANKOOK,DYNAPRO HP2 PLUS RA33D
HANKOOK,VENTUS ST RH06
HANKOOK,DYNAPRO MT RT03
HANKOOK,VENTUS S1 EVO4 X K137A
RAPID,ECOLANDER AT
RAPID,P309
RAPID,EFFIVAN
RAPID,P609
RAPID,ECOSAVER
RAPID,ECOLANDER
RAPID,ECOSPORT
NANKANG,AS-1
NANKANG,NA-1
NANKANG,ECO-2+
NANKANG,N-607+
NANKANG,CX668
NANKANG,RX-615
NANKANG,TR-10
NANKANG,CW-25
NANKANG,NS-2
NANKANG,NS-20
NANKANG,NS-2R
NANKANG,XR611
NANKANG,AW-6
NANKANG,AR-1
NANKANG,N-729
NANKANG,N-605
NANKANG,NR066
NANKANG,AS-2+
NANKANG,AW-8
NANKANG,CW-20
NANKANG,FT-7
NANKANG,NEV-1
NANKANG,FT-9
NANKANG,SL-1
NANKANG,CR-S
NANKANG,AS-3
NANKANG,SP-9
NANKANG,AT-5+
NANKANG,MT-1
NANKANG,SP-7
NANKANG,AS-3EV
NANKANG,AT-5
NANKANG,N889
NANKANG,RT
FALKEN,R1200
FALKEN,WILDPEAK M/T01
FALKEN,SN832 ECORUN SINCERA
FALKEN,LINAM R51
FALKEN,EUROWINTER HS01
FALKEN,EUROWINTER HS449
FALKEN,SN110
FALKEN,SN832 ECORUN
FALKEN,SN828
FALKEN,EUROWINTER HS435
FALKEN,SN807
FALKEN,LINAM VAN01
FALKEN,AS210
FALKEN,HS01
FALKEN,AS200
FALKEN,SN831
FALKEN,SN832
FALKEN,HS435
FALKEN,ZE912
FALKEN,ZE914 ECORUN
FALKEN,SINCERA SN110 ECORUN
FALKEN,ZE310 ECORUN
FALKEN,ZIEX ZE914 ECORUN
FALKEN,FK-07E
FALKEN,FK07U
FALKEN,AS200 EUROALL SEASON
FALKEN,EUROWINTER VAN01
FALKEN,SINCERA SN831
FALKEN,SINCERA SN831A
FALKEN,R51
FALKEN,VAN01
FALKEN,EUROWINTER HS02
FALKEN,ZE914
FALKEN,SN110A ECORUN
FALKEN,AS210 EUROALL SEASON
FALKEN,EUROWINTER HS437 VAN
FALKEN,VAN11
FALKEN,EUROWINTER HS437
FALKEN,R-51
FALKEN,LA/SL S112
FALKEN,ZIEX ZE310 ECORUN
FALKEN,ZE310EC
FALKEN,SN832A
FALKEN,SINCERA SN828
FALKEN,FK-07U
FALKEN,VAN01 WINTER
FALKEN,VAN11 EUROALL SEASON
FALKEN,ZE310
FALKEN,ESPIA EPZ II
FALKEN,ZE914 RFT
FALKEN,ZE914A ECORUN
FALKEN,LA/AT110
FALKEN,WILDPEAK A/T AT3WA
FALKEN,FK452
FALKEN,FK-452
FALKEN,AZENIS FK453
FALKEN,FK453
FALKEN,FK510
FALKEN,HS449
FALKEN,SN832B
FALKEN,ZIEX ZE310A ECORUN
FALKEN,FK510A
FALKEN,ZIEX ZE010
FALKEN,ZE914EC
FALKEN,LINAM VAN01A
FALKEN,WINTVAN01
FALKEN,WILDPEAK AT01
FALKEN,FK520
FALKEN,ZIEX ZE914A ECORUN
FALKEN,WILDPEAK A/T01
FALKEN,WILDPEAK H/T01
FALKEN,WILDPEAK A/T AT01
FALKEN,LANDAIR LA/AT T110
FALKEN,HS02PRO
FALKEN,ZIEX ZE914B ECORUN
FALKEN,FK453CC
FALKEN,HT01
FALKEN,AT01
FALKEN,WILDPEAK M/T
FALKEN,HS229
FALKEN,M/T01WILDPEAK M/T
FALKEN,AZENIS FK452
FALKEN,HS439
FALKEN,HS02
FALKEN,AT3WA
FALKEN,LI257
SAILUN,ATREZZO ECO
SAILUN,ATREZZO SH-402
SAILUN,ICE BLAZER WSL2
SAILUN,ICE BLAZER WST1
SAILUN,ICE BLAZER WST3
SAILUN,ATREZZO 4 SEASONS
SAILUN,COMMERCIO VX1
SAILUN,ENDURE WSL1
SAILUN,ATREZZO ELITE
SAILUN,SL-12
SAILUN,ATREZZO ZSR
SAILUN,ATREZZO ZS+
SAILUN,ATREZZO Z4+AS
SAILUN,ATREZZO R01 SPORT
SAILUN,VX1 COMMERCIO
SAILUN,TERRAMAX CVR
SAILUN,TERRAMAX A/T
SAILUN,TERRAMAX H/T
SAILUN,ATREZZO ZSR SUV
SAILUN,ICE BLAZER WST2
SAILUN,ATREZZO SVR LX
APTANY,RP203A
APTANY,RP203
APTANY,RC501
APTANY,RW611 WINTER MAX U-1
APTANY,RL108
APTANY,RL106
APTANY,RW631
APTANY,RL023
APTANY,RW312
APTANY,RW083
APTANY,RA301
APTANY,RW211 WINTER MAX A-1
APTANY,RA302
APTANY,RA363
APTANY,RW103
APTANY,RA301 SPORTMAX
APTANY,RW211
APTANY,RU028
APTANY,RU101
APTANY,H WIN
ROADX,RXQUEST C02
ROADX,RXMOTION H11
ROADX,RXFROST WH01
ROADX,RXFROST WH03
ROADX,RXMOTION 4S
ROADX,RXFROST WC01
ROADX,RXMOTION H12
ROADX,RXFROST WH02
ROADX,RXMOTION U11
ROADX,RXFROST WU01
ROADX,RXQUEST VAN 4S
ROADX,RXQUEST H/T 01
ROADX,RXQUEST A/T 21
ROADX,RXMOTION DU71
ROADX,RXQUEST SU01
ROADX,RXQUEST A/T
ROADX,RXQUEST H/T 02
ROADX,RXQUEST M/T OWL
ROADX,RXMOTION DU11
ROADX,RXQUEST H/T02
ROADX,RXQUEST DHT02
ROADX,RXQUEST M/T
ROADX,RXQUEST C01
AUTOGREEN,TOURER CHASER TC1
AUTOGREEN,SMART CRUISER SC7
AUTOGREEN,SPORT CHASER SC2
AUTOGREEN,SUPER SPORTS CHASER SSC5
AUTOGREEN,SUPER SPORTS CHASER SSC5 RFT
AUTOGREEN,SPORT CRUISER SC6
ROUTEWAY,ECOBLUE RY26
ROUTEWAY,ROADTREK RY55
ROUTEWAY,ECOBLUE RY26+
ROUTEWAY,VELOCITY RY33
ROUTEWAY,ECOBLUE RY22
ROUTEWAY,SURETREK H/T RY88
ROUTEWAY,POLARGRIP RY66
ROUTEWAY,SURETREK RY86
MAXTREK,MAXIMUS M1
MAXTREK,INGENS A1
MAXTREK,SU-810
MAXTREK,TREK M7
MAXTREK,SU-830
MAXTREK,MK 700
MAXTREK,RELAMAX 4S
MAXTREK,SIERRA S6
MAXTREK,FORTIS T5
MAXTREK,SU-800
ANTARES,A7 A/T
ANTARES,COMFORT A5 H/T
ANTARES,A5 H/T
ANTARES,DEEP DIGGER M/T
ANTARES,INGENS-A1
ANTARES,SU810
ANTARES,GRIP 20
ANTARES,SU830
ANTARES,NT3000
ANTARES,POLYMAX 4S
ANTARES,GRIP 60
ANTARES,MAJORIS R1
ANTARES,MAJOR M5
GRIPMAX,CARGO CARRIER
GRIPMAX,SUREGRIP AS VAN
GRIPMAX,PRO WINTER
GRIPMAX,INCEPTION A/T 3PMFS
GRIPMAX,SUREGRIP PRO SPORT
GRIPMAX,SUREGRIP AS
GRIPMAX,STATURE HT
GRIPMAX,STATURE M/S
GRIPMAX,A/T OWL
GRIPMAX,A/T
GRIPMAX,AT
BLACKLION,4SEASONS BL4S
BLACKLION,VORACIO VAN
BLACKLION,WINTER TAMER BW56
BLACKLION,CILERRO BH15
BLACKLION,WINTER BW56
BLACKLION,L301
BLACKLION,WINTER TAMER W506
BLACKLION,VORACIO BS87
BLACKLION,WINTER TAMER VAN
BLACKLION,CHAMPOINT BU66
BLACKLION,VORACIO BC86
BLACKLION,VORACIO CUV
BLACKLION,WINTER TAMER W517
BLACKLION,VORACIO S806
BLACKLION,VORACIO L301
BLACKLION,VORACIO M871
BLACKLION,VORACIO BS88
BFGOODRICH,ADVANTAGE
BFGOODRICH,G-FORCE WINTER2
BFGOODRICH,G-GRIP ALL SEASON2
BFGOODRICH,ADVANTAGE ALL-SEASON
BFGOODRICH,G-FORCE WINTER
BFGOODRICH,URBAN TERRAIN T/A
BFGOODRICH,ADVANTAGE SUV ALL-SEASON
BFGOODRICH,G-GRIP ALL SEASON2 SUV
BFGOODRICH,MUD TERRAIN T/A KM3
BFGOODRICH,TRAIL-TERRAIN T/A
BFGOODRICH,G-FORCE WINTER2 SUV
BFGOODRICH,ADVANTAGE SUV
BFGOODRICH,ALL-TERRAIN T/A KO2
BFGOODRICH,CRANE CONTROL
BFGOODRICH,ACTIVAN 4S
EVENT,FUTURUM GP
EVENT,ADMONUM A/S
EVENT,ML605
EVENT,ML609
EVENT,FUTURUM HP
EVENT,ML698 PLUS
EVENT,POTENTUM
EVENT,A/S VAN ADMONUM
EVENT,LIMUS
EVENT,SEMITA
MOHAWK,M716
MOHAWK,MH12
MOHAWK,M105
MOHAWK,M112
LAUFENN,G FIT EQ (LK41)
LAUFENN,G FIT EQ+ LK41
LAUFENN,I FIT+ LW31
LAUFENN,G FIT 4S LH71
LAUFENN,X FIT VAN LV01
LAUFENN,S FIT EQ+ LK01
LAUFENN,I FIT VAN LY31
LAUFENN,Z FIT EQ LK03
LAUFENN,S FIT EQ LK01
LAUFENN,X FIT HT LD01
LAUFENN,S FIT EQ LK01B
LAUFENN,X FIT AT LC01
MATADOR,MP71
MATADOR,MP75
MATADOR,MP47
MATADOR,MP16
MATADOR,MP52
MATADOR,MP54
MATADOR,MP62
MATADOR,HECTORRA 5
MATADOR,HECTORRA VAN
MATADOR,MPS330
MATADOR,MPS320
MATADOR,MP44
MATADOR,MP59
MATADOR,MP92
MATADOR,MPS530
MATADOR,MP46
MATADOR,MP72
MATADOR,MP82
MATADOR,MP85
MATADOR,MP81
MATADOR,MPS400
MATADOR,MP-71
MATADOR,MP91
LEAO,RADIAL R701
LEAO,NOVA FORCE HP100
LEAO,NOVA FORCE GP
LEAO,NOVA FORCE VAN
LEAO,NOVA FORCE HP
LEAO,IGREEN VAN 4S
LEAO,NFORCE VAN HP
LEAO,NFARCO
LEAO,NOVA FORCE
LEAO,NOVA FORCE CS
LEAO,LION SPORT A/T100
LEAO,NFORCE 4X4 HP
IMPERIAL,ECODRIVER4
IMPERIAL,SNOWDRAGON HP
IMPERIAL,IR1
IMPERIAL,RF08
IMPERIAL,109
IMPERIAL,ECOSPORT2
IMPERIAL,ECODRIVER5
IMPERIAL,ECODRIVER2
IMPERIAL,SNOWDRAGON VAN
IMPERIAL,ECODRIVER3
IMPERIAL,SNOWDRAGON3
IMPERIAL,SNOWDRAGON2
IMPERIAL,ECOVAN2
IMPERIAL,ECOVAN3 RF19
IMPERIAL,SNOWDRAGON UHP
IMPERIAL,ECO NORTH
IMPERIAL,RF07
IMPERIAL,ECOSPORT
IMPERIAL,ECOSPORT SUV
IMPERIAL,ECOSPORT2 A/T OWL
IMPERIAL,SNOWDRAGON SUV
IMPERIAL,ECO NORTH SUV
IMPERIAL,ECOSPORT A/T
IMPERIAL,ECO NORTH LT
IMPERIAL,RF06
IMPERIAL,F110
IMPERIAL,ECOSPORT2 A/T RWL
IMPERIAL,RF12
IMPERIAL,RF01
FARROAD,FRD16
FARROAD,FRD96
FARROAD,FRD26
FARROAD,FRD66
FARROAD,FRD866
FARROAD,FRD86
FARROAD,EXTRA FRD88
FARROAD,FR26
MARSHAL,MH12
MARSHAL,MH15
MARSHAL,MU12
MARSHAL,AT61
MARSHAL,KL71
MARSHAL,KL21
MARSHAL,KL51
MARSHAL,HP91
MARSHAL,MU11
MARSHAL,MT51
MARSHAL,KL33
MARSHAL,KC53
MARSHAL,RS02
BCT,S600
BCT,88/86S
BCT,95/93S
BCT,S800
BCT,WINMAX
BLACKARROW,P09
BLACKARROW,4S
BLACKARROW,P03
BLACKARROW,P16
BLACKARROW,V66
BLACKARROW,P15
BLACKARROW,4SV
BLACKARROW,V64
BLACKARROW,H58
BLACKARROW,A25
BLACKARROW,SMM5004
BLACKARROW,H57
BLACKARROW,V65
BLACKARROW,H55
BLACKARROW,A30
BLACKARROW,V68
BLACKARROW,A26
BRIWAY,BFU69
GT RADIAL,CHAMPIRO ECO
GT RADIAL,KARGOMAX ST4000
GT RADIAL,MAXMILER
GT RADIAL,FE1 CITY
GT RADIAL,WINTER PRO 2
GT RADIAL,ST6000
GT RADIAL,CHAMPIRO VP1
GT RADIAL,SYNERGY E2
GT RADIAL,MAXMILER PRO
GT RADIAL,KARGOMAX ST6000
GT RADIAL,4SEASONS
GT RADIAL,CHAMP WIN+
GT RADIAL,CHAMPIRO FE1
GT RADIAL,FE2
GT RADIAL,MAXMILER EX
GT RADIAL,CHAMPIRO FE2
GT RADIAL,VP1
GT RADIAL,SAVERO
GT RADIAL,ST4000
GT RADIAL,SYNERGY E1
GT RADIAL,SPORT ACTIVE
GT RADIAL,MAXMILER ALLSEASON
GT RADIAL,MAXMILER WT2
GT RADIAL,MAX WT2C
GT RADIAL,SPORT ACTIVE2
GT RADIAL,UHP1
GT RADIAL,GITI CONTROL 288 RFT
GT RADIAL,WIN PRO HP
GT RADIAL,CHAMPIRO UHP1
GT RADIAL,CHAMPRIO FE2
GT RADIAL,WINTER PRO HP
GT RADIAL,SYNERGY H2
GT RADIAL,VAN HD1
GT RADIAL,MAXMILER X
GT RADIAL,SAVERO SUV
GT RADIAL,PREM SUV PX1
GT RADIAL,FE2 SUV
GT RADIAL,WT2
GT RADIAL,SPT ACTIVE2
GT RADIAL,SPORT ACTIVE 2
GT RADIAL,WIN PRO SPT2
GT RADIAL,WINTERPRO 2
GT RADIAL,SPORT ACTIVE SUV
GT RADIAL,WINTER PRO
GT RADIAL,GTR3
GT RADIAL,GITI SPORT S1
GT RADIAL,GITI SPORT S1 SUV
GT RADIAL,SPORT ACTIVE2 SUV
GT RADIAL,ADVENTURO MT
GT RADIAL,WIN PRO 2
GT RADIAL,SAVERO WINTER
GT RADIAL,GITI SPORT S2 SUV
GT RADIAL,SAVERO HT+
GT RADIAL,SUPER-T 668
FORTUNA,ECOPLUS HP
FORTUNA,ECOPLUS 4S
FORTUNA,F1200
FORTUNA,F1000
FORTUNA,FC501
FORTUNA,EURO VAN
FORTUNA,FV310
FORTUNA,F1500
FORTUNA,ECOPLUS VAN 4S
FORTUNA,FV500
FORTUNA,F1400
FORTUNA,ECOPLUS2 4S
FORTUNA,F6300
FORTUNA,ECOPLUS UHP
FORTUNA,F3000
FORTUNA,F2900
FORTUNA,F2000
FORTUNA,F6700
FORTUNA,ECOPLUS HP+
FORTUNA,EURO VAN2
FORTUNA,F4200
FORTUNA,ECOPLUS SUV
FORTUNA,F5900
FORTUNA,ECOPLUS UHP2
PETLAS,ELEGANT PT311
PETLAS,FULL POWER PT825 PLUS
PETLAS,FULL POWER PT845
PETLAS,IMPERIUM PT515
PETLAS,MULTI ACTION PT565
PETLAS,PROGREEN PT525
PETLAS,VELOX SPORT PT741
PETLAS,IMPERIUM PT535
PETLAS,VELOX SPORT PT741 RF
PETLAS,FULL POWER PT835
PETLAS,FULL GRIP PT925
PETLAS,EXPLERO PT421 A/T
PETLAS,EXPLERO PT431 H/T
PETLAS,SUVMASTER
PETLAS,EXPLERO PT411
PETLAS,VANMASTER
PETLAS,EXPLERO PT431 H/T RF
GOODRIDE,Z-401
GOODRIDE,Z-107
GOODRIDE,SW608
GOODRIDE,H188
GOODRIDE,SW612
GOODRIDE,SC328
GOODRIDE,SW613
GOODRIDE,Z-507
GOODRIDE,SA37
GOODRIDE,SA57
GOODRIDE,SU318
GOODRIDE,SW658
WINDFORCE,CATCHFORS AT
WINDFORCE,CATCHFORS AT2
WINDFORCE,GP100
WINDFORCE,MILEMAX
WINDFORCE,CATCHFORS AS
WINDFORCE,CATCHFORS PCR
WINDFORCE,CATCHFORS HP
WINDFORCE,SNOWBLAZER
WINDFORCE,COMFORT I
WINDFORCE,CATCHPOWER
WINDFORCE,SNOWBLAZER MAX
WINDFORCE,CATCHFORS UHP
WINDFORCE,SNOWPOWER
WINDFORCE,ICEPOWER
WINDFORCE,CATCHFORS HT
WINDFORCE,PERFORMAX
WINDFORCE,CATHFORS UHP
WINDFORCE,CATCHSNOW
NEXEN,ROADIAN HT
NEXEN,ROADIAN MT
NEXEN,N BLUE ECO
NEXEN,NBLUE HD PLUS 2R
NEXEN,SB702
NEXEN,CP321
NEXEN,EUROWIN
NEXEN,CP661
NEXEN,NBLUE HD PLUS
NEXEN,NBLUE 4 SEASON
NEXEN,NBLUE PREMIUM
NEXEN,ROADIAN CT8
NEXEN,ROADIAN AT
NEXEN,N2000
NEXEN,CP641
NEXEN,N FERA SU4
NEXEN,CP
NEXEN,WINGUARD
NEXEN,WG SNOW WH2
NEXEN,WG SNOW'G
NEXEN,RADIAL AT
NEXEN,N FERA SU1
NEXEN,NFERA PRIMUS
NEXEN,NBLUE HD PLUS 3R
NEXEN,N BLUE HD
NEXEN,WINSPORT
NEXEN,N6000
NEXEN,N8000
NEXEN,CP661A
NEXEN,CP672
NEXEN,ROADIAN 581
NEXEN,NBLUE 4SEASON VAN
NEXEN,N FERA RU1
NEXEN,NBLUE S
NEXEN,NFERA SU1
NEXEN,N'BLUE HD
NEXEN,NBLUE HDH
NEXEN,NPRIZ AH8
NEXEN,CP672A
NEXEN,NFERA SPORT
NEXEN,RO-AT
NEXEN,ROADIAN AT 4X4
NEXEN,A/T NEO
NEXEN,NEO AT
NEXEN,CP643A
NEXEN,CP691
NEXEN,CP671
NEXEN,WG-SPORT
NEXEN,NFERA SPORT SUV
NEXEN,NFERA RU1
NEXEN,NPRIZ RH1
NEXEN,CP521
NEXEN,ROADIAN HP
NEXEN,N PRIZ RH1
NEXEN,N9000
NEXEN,RO-581
NEXEN,NPRIZ 4S
NEXEN,NPRIZ RH7
NEXEN,ROADIAN HTX RH5
NEXEN,ROADIAN 541
NEXEN,ROADIAN AT2
NEXEN,N3000
NEXEN,NFERA SU4
NEXEN,WG SUV
NEXEN,ROADIAN 571
NEXEN,ROADIAN 542
NEXEN,ROHTX RH5
NEXEN,A/T II
POWERTRAC,ADAMAS H/P
POWERTRAC,VANTOUR
POWERTRAC,CITYMARCH
POWERTRAC,POWER MARCH A/S
POWERTRAC,VANMARCH
POWERTRAC,ICE XPRO
POWERTRAC,CITYRACING
POWERTRAC,LOADKING
POWERTRAC,POWER LANDER A/T
POWERTRAC,RACING PRO
POWERTRAC,ROADTOUR
POWERTRAC,CITYROVER
POWERTRAC,CITYRACING?SUV?
POWERTRAC,POWER ROVER M/T
POWERTRAC,POWER ROVER M/T II
GITI,SYNGY E2
GITI,COMF T20
GITI,AS CITY
GITI,WINT W2
GITI,SYNGY H2
GITI,WINT W1
GITI,SYNGY E1
GITI,SPT S1
GITI,SPT S2
GITI,AS1 SUV
GITI,SYNERGY H2
GITI,VAN LA1
GITI,WINT W1 SUV
GITI,SPT GTR3
GITI,SPT S1 SUV
GITI,SPT S2 SUV
NOKIAN,MPT AGILE 2 TL
NOKIAN,HKPL 9
NOKIAN,HKPL R3 SUV
NOKIAN,MPT AGILE TL
NOKIAN,ARMOR GARD 2
GRENLANDER,COLO H01
GRENLANDER,L-GRIP 16
GRENLANDER,L-POWER 28
GRENLANDER,L-COMFORT 68
GRENLANDER,L-MAX 9
GRENLANDER,L-STRONG 36
GRENLANDER,L-ZEAL 56
GRENLANDER,ENRI U08
GRENLANDER,COLO H02
GRENLANDER,GREENWING A/S
GRENLANDER,MAGA A/T TWO
GRENLANDER,MAHO 77
GRENLANDER,MAHO 79
GRENLANDER,PREDATOR M/T
GRENLANDER,L-FINDER 78
GRENLANDER,MAGA A/T ONE
GRENLANDER,DIAS ZERO
POINT S,SUMMERSTAR 2
POINT S,SUMMERSTAR 3
POINT S,SUMMERSTAR 3+
POINT S,4 SEASONS 2
POINT S,4 SEASONS
POINT S,SUMMER S
POINT S,WINTERSTAR 4
POINT S,WINTER S
POINT S,WINTERSTAR ST
POINT S,SUMMERSTAR SPORT 2
POINT S,SUMMERSTAR 3+ SPORT
POINT S,SUMMERSTAR SPORT 3
POINT S,SUMMERSTAR 3+ SUV
POINT S,SUMMERSTAR 3 VAN
POINT S,SUMMER VAN S
POINT S,WINTERSTAR 4 VAN
POINT S,4 SEASONS VAN
FORTUNE,FSR-801
FORTUNE,FITCLIME FSR-401
FORTUNE,FSR-71
FORTUNE,FUNRUN FSR-802
FORTUNE,FSR-6
FORTUNE,CLEVANTO FSR-102
FORTUNE,FSR-01
FORTUNE,FSR-5
FORTUNE,FSR-701
FORTUNE,TRAVELLO 4S
FORTUNE,FSR-302
FORTUNE,FSR-303
FORTUNE,FSR-301
FORTUNE,MASPIRE M/T
FORTUNE,FSR-306
FORTUNE,FSR-112
GREENTRAC,JOURNEY-X
GREENTRAC,SEASON MASTER
GREENTRAC,WINTER MASTER-D1
GREENTRAC,PRODRAG-S
GREENTRAC,QUEST-X
GREENTRAC,PRODRAG-SII
GREENTRAC,ROUGH MASTER-RT
KAPSEN,H202
KAPSEN,A4
KAPSEN,RS01
KAPSEN,S801
KAPSEN,S2000
KAPSEN,RS21
KAPSEN,RS26
KAPSEN,HP5
KAPSEN,S3000
ACHILLES,122
ACHILLES,ATR ECO
ACHILLES,ATR K-ECONOMIST
ACHILLES,PLATINUM 7
ACHILLES,ATR SPORT
ACHILLES,PLATINUM
ACHILLES,W101X
ACHILLES,2233
ACHILLES,LTR 80
ACHILLES,WINTER 101
ACHILLES,MULTIVAN
ACHILLES,DESERT HAWK A/T
ACHILLES,DESERT HAWK H/T
ACHILLES,ATR SPORT 2
ACHILLES,DESERT HAWK UHP
ACHILLES,DESERT HAWK M/T
ACHILLES,838MT
ACHILLES,DESERT HAWK XMT
WINRUN,R380
WINRUN,R350
WINRUN,R330
WINRUN,MAXCLAW A/T
WINRUN,R330 RUN-FLAT
WINRUN,MAXCLAW H/T2
WINRUN,MAXCLAW H/T 2
ROADCRUZA,SPORTS VI
ROADCRUZA,RA350
ROADCRUZA,RA510
ROADCRUZA,RA610
ROADCRUZA,ICE FIGHTER I
ROADCRUZA,RA710
ROADCRUZA,RW777
ROADCRUZA,ICE FIGHTER II
ROADCRUZA,RA1100
ROADCRUZA,RA2000
ROADCRUZA,RA3200
ROADCRUZA,RA4100
ROADCRUZA,SUV A/T SERIES RA1100
ROADCRUZA,RA720
ROADCRUZA,M/T SERIES RA3200 SUV
DUNLOP,STREET RESPONSE 2
DUNLOP,WINTER RESPONSE 2 MS
DUNLOP,ALL SEASON 2
DUNLOP,SPORTDU
DUNLOP,SP WINTER SPORT 3D MS
DUNLOP,SP SPORT FASTRESPONSE
DUNLOP,SPORT BLURESPONSE
DUNLOP,SP WINTER RESPONSE MS
DUNLOP,WINTER SPORT 5
DUNLOP,SP SPORT MAXX TT
DUNLOP,SP WINTER SPORT 4D MS
DUNLOP,SPORT MAXX RT 2
DUNLOP,SPORT MAXX RT
DUNLOP,WINTER SPORT 5 SUV
DUNLOP,SP SPORT MAXX
DUNLOP,SPORT MAXX RT2 SUV
DUNLOP,GRANDTREK ST20
DUNLOP,SP SPORT 270
DUNLOP,SPORT RESPONSE
DUNLOP,GRANDTREK AT5
DUNLOP,SP SPORT 01
DUNLOP,GRANDTREK ST30
DUNLOP,GRANDTREK TOURING A/S
DUNLOP,SP SPORT MAXX GT
DUNLOP,SPORT MAXX RACE 2
DUNLOP,GRANDTREK AT20
DUNLOP,SP QUATTROMAXX
DUNLOP,SP SPORT MAXX GT600
DUNLOP,GRANDTREK WT M3
DUNLOP,ECONODRIVE LT
DUNLOP,ECONODRIVE
DUNLOP,ECONODRIVE AS
DUNLOP,ECONODRIVE WINTER
EVERGREEN,ES-89
EVERGREEN,ES-88
EVERGREEN,DYNACOMFORT EH226
EVERGREEN,EH-22
EVERGREEN,EW-62
EVERGREEN,EH-23
EVERGREEN,DYNAMASTER EV516
EVERGREEN,EW-616
EVERGREEN,EU-72
EVERGREEN,EW-66
EVERGREEN,DYNACONTROL EU728
EVERGREEN,DYNACOMFORT ES83
EVERGREEN,DYNACONTROL ES880
EVERGREEN,ES-82
EVERGREEN,EU-76
EVERGREEN,DYNACOMFORT ES380
EVERGREEN,EU728
EVERGREEN,ES-86
HABILEAD,RS23
HABILEAD,RS25
HABILEAD,COMFORTMAX AS H202
HABILEAD,RS01
HABILEAD,A4 CMAX 4S
HABILEAD,H206
HABILEAD,H202
HABILEAD,DURABLEMAX RS01
HABILEAD,COMFORTMAX S801
HABILEAD,K717 COMFORTMAX A/S
HABILEAD,S2000
HABILEAD,SPORTMAX S2000
HABILEAD,HF-330
HABILEAD,SPORTMAX XAS H2000
HABILEAD,S3000
HABILEAD,TOURINGMAX+ AS H201
HABILEAD,RS27
HABILEAD,RS21
HABILEAD,RS26
HABILEAD,S801
HABILEAD,RW506 ICEMAX
HABILEAD,HP5
BANOZE,X-ENERGI
BANOZE,X-LOADER
BANOZE,X-PACER
BANOZE,X-SPORTI
BANOZE,X-HANDLER
BANOZE,X-POWER
CRATOS,CATCHPASSION
CRATOS,SNOWFORS MAX
CRATOS,ROADFORS MAX
CRATOS,ROADFORS PCR
CRATOS,SNOWFORS UHP
CRATOS,ROADFORS PCR+
CRATOS,ROADFORS UHP
CRATOS,ROADFORS SUV
CRATOS,ROADFORS AT
CRATOS,ROADFORS H/T
FULDA,ECOCONTROL
FULDA,ECOCONTROL HP
FULDA,ECOCONTROL HP 2
FULDA,SPORTCONTROL 2
FULDA,SPORTCONTROL
FULDA,ECOCONTROL SUV
FULDA,4X4 ROAD
FULDA,CONVEO TOUR 2
CHURCHILL,RCB007
CHURCHILL,RCB008
CHURCHILL,CSB007
CHURCHILL,RCB009
CHURCHILL,GRB009
CHURCHILL,GRB007
CHURCHILL,GRB008
JINYU,YS77
JINYU,YH16
JINYU,YH11
JINYU,YW51
JINYU,YW60
JINYU,MULTISEASON
JINYU,YH18
JINYU,YH12
JINYU,YW90
JINYU,WINTERPRO YW60
JINYU,YW52
JINYU,YW55
JINYU,YU63
JINYU,YU61
JINYU,WINTERPRO YW52
JINYU,YS71
JINYU,YW53
JINYU,YS78
JINYU,YS72
JINYU,YS82
JINYU,YU62
JINYU,YS76
